{
    "accuracy": 0.6632231404958677,
    "precision": 0.5359116022099447,
    "recall": 0.5511363636363636,
    "f1_score": 0.5434173669467787,
    "roc_auc": 0.7152634297520661
}