Model,Accuracy,Precision,Recall,F1-Score,ROC-AUC,Training_Time
Logistic Regression,0.6301652892561983,0.494949494949495,0.8352272727272727,0.6215644820295984,0.7198752951593861,0.04125833511352539
Decision Tree,0.6322314049586777,0.49603174603174605,0.7102272727272727,0.5841121495327103,0.6855537927981109,0.03325819969177246
Random Forest,0.6590909090909091,0.5228215767634855,0.7159090909090909,0.60431654676259,0.7324380165289257,0.5082321166992188
XGBoost,0.6446280991735537,0.5086206896551724,0.6704545454545454,0.5784313725490197,0.7134371310507673,0.2587277889251709
Neural Network,0.6528925619834711,0.5186915887850467,0.6306818181818182,0.5692307692307692,0.6974616292798111,3.6765739917755127
